{"lib/assets/images/100-best-rock-bands-of-the-2010s.jpg":["lib/assets/images/100-best-rock-bands-of-the-2010s.jpg"],"lib/assets/images/15776834_10154844150464935_475918159913324299_o.jpg":["lib/assets/images/15776834_10154844150464935_475918159913324299_o.jpg"],"lib/assets/images/27-1424976662-hny.jpg":["lib/assets/images/27-1424976662-hny.jpg"],"lib/assets/images/3443874094_f901253b39_b.jpg":["lib/assets/images/3443874094_f901253b39_b.jpg"],"lib/assets/images/7b0c302005162d972b555785b43e8e44.jpg":["lib/assets/images/7b0c302005162d972b555785b43e8e44.jpg"],"lib/assets/images/92fbe635e1f8ab63b3a94b674dea5cad.png":["lib/assets/images/92fbe635e1f8ab63b3a94b674dea5cad.png"],"lib/assets/images/Kesariya-Brahmastra-Ranbir-Kapoor-Alia-Bhatt-Pritam-Arijit-Singh.jpeg":["lib/assets/images/Kesariya-Brahmastra-Ranbir-Kapoor-Alia-Bhatt-Pritam-Arijit-Singh.jpeg"],"lib/assets/images/alia.webp":["lib/assets/images/alia.webp"],"lib/assets/images/c88487f89a601bf5c98ac00063b694a4.jpg":["lib/assets/images/c88487f89a601bf5c98ac00063b694a4.jpg"],"lib/assets/images/e7d1862c98956221f47b7d838eb9253a--ideas-manualidades-art-music.jpg":["lib/assets/images/e7d1862c98956221f47b7d838eb9253a--ideas-manualidades-art-music.jpg"],"lib/assets/images/home-page-filipwolak-cirkiz-33311.webp":["lib/assets/images/home-page-filipwolak-cirkiz-33311.webp"],"lib/assets/images/icon.webp":["lib/assets/images/icon.webp"],"lib/assets/images/maxresdefault (1).jpg":["lib/assets/images/maxresdefault (1).jpg"],"lib/assets/images/maxresdefault.jpg":["lib/assets/images/maxresdefault.jpg"],"lib/assets/images/project icon.jpg":["lib/assets/images/project icon.jpg"],"lib/assets/images/s2n_0122_p1ainj9sq1qus10lq1hhc1ogcgf93s.jpg":["lib/assets/images/s2n_0122_p1ainj9sq1qus10lq1hhc1ogcgf93s.jpg"],"lib/assets/images/shreya-ghoshal_11-09-17_20_5a0437daf1451.jpg":["lib/assets/images/shreya-ghoshal_11-09-17_20_5a0437daf1451.jpg"],"lib/assets/sound/The Chainsmokers Coldplay Something Just Like This Lyric (1).mp3":["lib/assets/sound/The Chainsmokers Coldplay Something Just Like This Lyric (1).mp3"],"lib/assets/sound/The-Chainsmokers-Closer-ft.-Halsey.mp3":["lib/assets/sound/The-Chainsmokers-Closer-ft.-Halsey.mp3"],"packages/cupertino_icons/assets/CupertinoIcons.ttf":["packages/cupertino_icons/assets/CupertinoIcons.ttf"]}